{"dev_best_f1": 0.8284313725490196, "f1_": 0.7745358090185676, "f1_overlap_": 0.7620286085825748, "precision_": 0.8, "recall_": 0.7506426735218509}