{"dev_best_f1": 0.7272727272727273, "f1_": 0.7229551451187336, "f1_overlap_": 0.720626631853786, "precision_": 0.7287234042553191, "recall_": 0.7172774869109948}