{"0": {"doc_key": "1808.09602-10", "sent_idx": 0, "rel": [2, 2, 22, 22, "USED-FOR"]}, "1": {"doc_key": "1808.09602-10", "sent_idx": 0, "rel": [22, 22, 2, 2, "USED-FOR"]}, "2": {"doc_key": "1808.09602-12", "sent_idx": 0, "rel": [0, 0, 11, 12, "USED-FOR"]}, "3": {"doc_key": "1808.09602-12", "sent_idx": 0, "rel": [0, 0, 20, 20, "USED-FOR"]}, "4": {"doc_key": "1808.09602-12", "sent_idx": 0, "rel": [11, 12, 0, 0, "USED-FOR"]}, "5": {"doc_key": "1808.09602-12", "sent_idx": 0, "rel": [11, 12, 20, 20, "USED-FOR"]}, "6": {"doc_key": "1808.09602-12", "sent_idx": 0, "rel": [20, 20, 0, 0, "USED-FOR"]}, "7": {"doc_key": "1808.09602-12", "sent_idx": 0, "rel": [20, 20, 11, 12, "USED-FOR"]}, "8": {"doc_key": "1808.09602-12", "sent_idx": 1, "rel": [37, 38, 43, 44, "USED-FOR"]}, "9": {"doc_key": "1808.09602-12", "sent_idx": 1, "rel": [37, 38, 48, 49, "USED-FOR"]}, "10": {"doc_key": "1808.09602-12", "sent_idx": 1, "rel": [43, 44, 37, 38, "USED-FOR"]}, "11": {"doc_key": "1808.09602-12", "sent_idx": 1, "rel": [43, 44, 48, 49, "USED-FOR"]}, "12": {"doc_key": "1808.09602-12", "sent_idx": 1, "rel": [48, 49, 37, 38, "USED-FOR"]}, "13": {"doc_key": "1808.09602-12", "sent_idx": 1, "rel": [48, 49, 43, 44, "USED-FOR"]}, "14": {"doc_key": "1808.09602-13", "sent_idx": 0, "rel": [0, 0, 13, 14, "USED-FOR"]}, "15": {"doc_key": "1808.09602-13", "sent_idx": 0, "rel": [0, 0, 16, 17, "USED-FOR"]}, "16": {"doc_key": "1808.09602-13", "sent_idx": 0, "rel": [13, 14, 0, 0, "USED-FOR"]}, "17": {"doc_key": "1808.09602-13", "sent_idx": 0, "rel": [13, 14, 16, 17, "USED-FOR"]}, "18": {"doc_key": "1808.09602-13", "sent_idx": 0, "rel": [16, 17, 0, 0, "USED-FOR"]}, "19": {"doc_key": "1808.09602-13", "sent_idx": 0, "rel": [16, 17, 13, 14, "USED-FOR"]}, "20": {"doc_key": "1808.09602-13", "sent_idx": 1, "rel": [25, 26, 36, 36, "USED-FOR"]}, "21": {"doc_key": "1808.09602-13", "sent_idx": 1, "rel": [36, 36, 25, 26, "USED-FOR"]}, "22": {"doc_key": "1808.09602-13", "sent_idx": 2, "rel": [43, 44, 71, 71, "USED-FOR"]}, "23": {"doc_key": "1808.09602-13", "sent_idx": 2, "rel": [43, 44, 81, 81, "USED-FOR"]}, "24": {"doc_key": "1808.09602-13", "sent_idx": 2, "rel": [43, 44, 83, 83, "USED-FOR"]}, "25": {"doc_key": "1808.09602-13", "sent_idx": 2, "rel": [43, 44, 85, 85, "USED-FOR"]}, "26": {"doc_key": "1808.09602-13", "sent_idx": 2, "rel": [71, 71, 43, 44, "USED-FOR"]}, "27": {"doc_key": "1808.09602-13", "sent_idx": 2, "rel": [71, 71, 81, 81, "USED-FOR"]}, "28": {"doc_key": "1808.09602-13", "sent_idx": 2, "rel": [71, 71, 83, 83, "USED-FOR"]}, "29": {"doc_key": "1808.09602-13", "sent_idx": 2, "rel": [71, 71, 85, 85, "USED-FOR"]}, "30": {"doc_key": "1808.09602-13", "sent_idx": 2, "rel": [81, 81, 43, 44, "USED-FOR"]}, "31": {"doc_key": "1808.09602-13", "sent_idx": 2, "rel": [81, 81, 71, 71, "USED-FOR"]}, "32": {"doc_key": "1808.09602-13", "sent_idx": 2, "rel": [81, 81, 83, 83, "USED-FOR"]}, "33": {"doc_key": "1808.09602-13", "sent_idx": 2, "rel": [81, 81, 85, 85, "USED-FOR"]}, "34": {"doc_key": "1808.09602-13", "sent_idx": 2, "rel": [83, 83, 43, 44, "USED-FOR"]}, "35": {"doc_key": "1808.09602-13", "sent_idx": 2, "rel": [83, 83, 71, 71, "USED-FOR"]}, "36": {"doc_key": "1808.09602-13", "sent_idx": 2, "rel": [83, 83, 81, 81, "USED-FOR"]}, "37": {"doc_key": "1808.09602-13", "sent_idx": 2, "rel": [83, 83, 85, 85, "USED-FOR"]}, "38": {"doc_key": "1808.09602-13", "sent_idx": 2, "rel": [85, 85, 43, 44, "USED-FOR"]}, "39": {"doc_key": "1808.09602-13", "sent_idx": 2, "rel": [85, 85, 71, 71, "USED-FOR"]}, "40": {"doc_key": "1808.09602-13", "sent_idx": 2, "rel": [85, 85, 81, 81, "USED-FOR"]}, "41": {"doc_key": "1808.09602-13", "sent_idx": 2, "rel": [85, 85, 83, 83, "USED-FOR"]}, "42": {"doc_key": "1808.09602-23", "sent_idx": 0, "rel": [28, 29, 32, 32, "USED-FOR"]}, "43": {"doc_key": "1808.09602-23", "sent_idx": 0, "rel": [32, 32, 28, 29, "USED-FOR"]}, "44": {"doc_key": "1808.09602-30", "sent_idx": 1, "rel": [30, 31, 40, 40, "USED-FOR"]}, "45": {"doc_key": "1808.09602-30", "sent_idx": 1, "rel": [40, 40, 30, 31, "USED-FOR"]}, "46": {"doc_key": "1808.09602-32", "sent_idx": 0, "rel": [6, 7, 21, 21, "USED-FOR"]}, "47": {"doc_key": "1808.09602-32", "sent_idx": 0, "rel": [6, 7, 30, 30, "USED-FOR"]}, "48": {"doc_key": "1808.09602-32", "sent_idx": 0, "rel": [21, 21, 6, 7, "USED-FOR"]}, "49": {"doc_key": "1808.09602-32", "sent_idx": 0, "rel": [21, 21, 30, 30, "USED-FOR"]}, "50": {"doc_key": "1808.09602-32", "sent_idx": 0, "rel": [30, 30, 6, 7, "USED-FOR"]}, "51": {"doc_key": "1808.09602-32", "sent_idx": 0, "rel": [30, 30, 21, 21, "USED-FOR"]}, "52": {"doc_key": "1808.09602-34", "sent_idx": 0, "rel": [1, 2, 13, 13, "USED-FOR"]}, "53": {"doc_key": "1808.09602-34", "sent_idx": 0, "rel": [13, 13, 1, 2, "USED-FOR"]}, "54": {"doc_key": "1808.09602-58", "sent_idx": 0, "rel": [9, 9, 25, 26, "USED-FOR"]}, "55": {"doc_key": "1808.09602-58", "sent_idx": 0, "rel": [25, 26, 9, 9, "USED-FOR"]}, "56": {"doc_key": "1808.09602-60", "sent_idx": 0, "rel": [2, 2, 4, 4, "USED-FOR"]}, "57": {"doc_key": "1808.09602-60", "sent_idx": 0, "rel": [4, 4, 2, 2, "USED-FOR"]}, "58": {"doc_key": "1808.09602-134", "sent_idx": 1, "rel": [30, 30, 42, 42, "USED-FOR"]}, "59": {"doc_key": "1808.09602-134", "sent_idx": 1, "rel": [30, 30, 49, 49, "USED-FOR"]}, "60": {"doc_key": "1808.09602-134", "sent_idx": 1, "rel": [42, 42, 30, 30, "USED-FOR"]}, "61": {"doc_key": "1808.09602-134", "sent_idx": 1, "rel": [42, 42, 49, 49, "USED-FOR"]}, "62": {"doc_key": "1808.09602-134", "sent_idx": 1, "rel": [49, 49, 30, 30, "USED-FOR"]}, "63": {"doc_key": "1808.09602-134", "sent_idx": 1, "rel": [49, 49, 42, 42, "USED-FOR"]}, "64": {"doc_key": "1808.09602-134", "sent_idx": 3, "rel": [79, 79, 81, 81, "USED-FOR"]}, "65": {"doc_key": "1808.09602-134", "sent_idx": 3, "rel": [81, 81, 79, 79, "USED-FOR"]}, "66": {"doc_key": "1808.09602-6", "sent_idx": 0, "rel": [3, 3, 6, 7, "USED-FOR"]}, "67": {"doc_key": "1808.09602-6", "sent_idx": 0, "rel": [6, 7, 3, 3, "USED-FOR"]}, "68": {"doc_key": "1808.09602-6", "sent_idx": 1, "rel": [27, 28, 33, 33, "USED-FOR"]}, "69": {"doc_key": "1808.09602-6", "sent_idx": 1, "rel": [33, 33, 27, 28, "USED-FOR"]}, "70": {"doc_key": "1808.09602-6", "sent_idx": 2, "rel": [52, 52, 68, 68, "USED-FOR"]}, "71": {"doc_key": "1808.09602-6", "sent_idx": 2, "rel": [68, 68, 52, 52, "USED-FOR"]}, "72": {"doc_key": "1808.09602-7", "sent_idx": 1, "rel": [86, 86, 88, 88, "USED-FOR"]}, "73": {"doc_key": "1808.09602-7", "sent_idx": 1, "rel": [88, 88, 86, 86, "USED-FOR"]}, "74": {"doc_key": "1808.09602-7", "sent_idx": 3, "rel": [107, 107, 140, 140, "USED-FOR"]}, "75": {"doc_key": "1808.09602-7", "sent_idx": 3, "rel": [140, 140, 107, 107, "USED-FOR"]}, "76": {"doc_key": "1808.09602-9", "sent_idx": 0, "rel": [1, 1, 4, 4, "USED-FOR"]}, "77": {"doc_key": "1808.09602-9", "sent_idx": 0, "rel": [1, 1, 19, 19, "USED-FOR"]}, "78": {"doc_key": "1808.09602-9", "sent_idx": 0, "rel": [4, 4, 1, 1, "USED-FOR"]}, "79": {"doc_key": "1808.09602-9", "sent_idx": 0, "rel": [4, 4, 19, 19, "USED-FOR"]}, "80": {"doc_key": "1808.09602-9", "sent_idx": 0, "rel": [19, 19, 1, 1, "USED-FOR"]}, "81": {"doc_key": "1808.09602-9", "sent_idx": 0, "rel": [19, 19, 4, 4, "USED-FOR"]}, "82": {"doc_key": "1808.09602-9", "sent_idx": 1, "rel": [28, 28, 33, 33, "USED-FOR"]}, "83": {"doc_key": "1808.09602-9", "sent_idx": 1, "rel": [33, 33, 28, 28, "USED-FOR"]}, "84": {"doc_key": "1808.09602-33", "sent_idx": 1, "rel": [20, 20, 25, 25, "USED-FOR"]}, "85": {"doc_key": "1808.09602-33", "sent_idx": 1, "rel": [25, 25, 20, 20, "USED-FOR"]}, "86": {"doc_key": "1808.09602-55", "sent_idx": 0, "rel": [7, 7, 9, 10, "USED-FOR"]}, "87": {"doc_key": "1808.09602-55", "sent_idx": 0, "rel": [9, 10, 7, 7, "USED-FOR"]}, "88": {"doc_key": "1808.09602-56", "sent_idx": 0, "rel": [3, 3, 9, 9, "USED-FOR"]}, "89": {"doc_key": "1808.09602-56", "sent_idx": 0, "rel": [9, 9, 3, 3, "USED-FOR"]}, "90": {"doc_key": "1808.09602-57", "sent_idx": 0, "rel": [11, 11, 15, 15, "USED-FOR"]}, "91": {"doc_key": "1808.09602-57", "sent_idx": 0,