{"0": {"doc_key": "2203.05325-1", "sent_idx": 2, "rel": [75, 75, 107, 107, "USED-FOR"]}, "1": {"doc_key": "2203.05325-1", "sent_idx": 2, "rel": [107, 107, 75, 75, "USED-FOR"]}, "2": {"doc_key": "2203.05325-6", "sent_idx": 1, "rel": [40, 40, 67, 67, "USED-FOR"]}, "3": {"doc_key": "2203.05325-6", "sent_idx": 1, "rel": [67, 67, 40, 40, "USED-FOR"]}, "4": {"doc_key": "2203.05325-7", "sent_idx": 1, "rel": [22, 22, 25, 25, "USED-FOR"]}, "5": {"doc_key": "2203.05325-7", "sent_idx": 1, "rel": [25, 25, 22, 22, "USED-FOR"]}, "6": {"doc_key": "2203.05325-9", "sent_idx": 0, "rel": [2, 2, 34, 34, "USED-FOR"]}, "7": {"doc_key": "2203.05325-9", "sent_idx": 0, "rel": [34, 34, 2, 2, "USED-FOR"]}, "8": {"doc_key": "2203.05325-9", "sent_idx": 1, "rel": [58, 59, 61, 62, "USED-FOR"]}, "9": {"doc_key": "2203.05325-9", "sent_idx": 1, "rel": [61, 62, 58, 59, "USED-FOR"]}, "10": {"doc_key": "2203.05325-10", "sent_idx": 1, "rel": [40, 42, 71, 71, "USED-FOR"]}, "11": {"doc_key": "2203.05325-10", "sent_idx": 1, "rel": [71, 71, 40, 42, "USED-FOR"]}, "12": {"doc_key": "2203.05325-11", "sent_idx": 1, "rel": [53, 53, 55, 56, "USED-FOR"]}, "13": {"doc_key": "2203.05325-11", "sent_idx": 1, "rel": [55, 56, 53, 53, "USED-FOR"]}, "14": {"doc_key": "2203.05325-19", "sent_idx": 0, "rel": [2, 3, 6, 6, "USED-FOR"]}, "15": {"doc_key": "2203.05325-19", "sent_idx": 0, "rel": [2, 3, 19, 22, "USED-FOR"]}, "16": {"doc_key": "2203.05325-19", "sent_idx": 0, "rel": [6, 6, 2, 3, "USED-FOR"]}, "17": {"doc_key": "2203.05325-19", "sent_idx": 0, "rel": [6, 6, 19, 22, "USED-FOR"]}, "18": {"doc_key": "2203.05325-19", "sent_idx": 0, "rel": [19, 22, 2, 3, "USED-FOR"]}, "19": {"doc_key": "2203.05325-19", "sent_idx": 0, "rel": [19, 22, 6, 6, "USED-FOR"]}, "20": {"doc_key": "2203.05325-19", "sent_idx": 2, "rel": [47, 47, 89, 89, "USED-FOR"]}, "21": {"doc_key": "2203.05325-19", "sent_idx": 2, "rel": [47, 47, 97, 97, "USED-FOR"]}, "22": {"doc_key": "2203.05325-19", "sent_idx": 2, "rel": [47, 47, 103, 103, "USED-FOR"]}, "23": {"doc_key": "2203.05325-19", "sent_idx": 2, "rel": [47, 47, 107, 107, "USED-FOR"]}, "24": {"doc_key": "2203.05325-19", "sent_idx": 2, "rel": [47, 47, 123, 124, "USED-FOR"]}, "25": {"doc_key": "2203.05325-19", "sent_idx": 2, "rel": [47, 47, 126, 126, "USED-FOR"]}, "26": {"doc_key": "2203.05325-19", "sent_idx": 2, "rel": [47, 47, 130, 131, "USED-FOR"]}, "27": {"doc_key": "2203.05325-19", "sent_idx": 2, "rel": [47, 47, 134, 135, "USED-FOR"]}, "28": {"doc_key": "2203.05325-19", "sent_idx": 2, "rel": [47, 47, 137, 137, "USED-FOR"]}, "29": {"doc_key": "2203.05325-19", "sent_idx": 2, "rel": [89, 89, 47, 47, "USED-FOR"]}, "30": {"doc_key": "2203.05325-19", "sent_idx": 2, "rel": [89, 89, 97, 97, "USED-FOR"]}, "31": {"doc_key": "2203.05325-19", "sent_idx": 2, "rel": [89, 89, 103, 103, "USED-FOR"]}, "32": {"doc_key": "2203.05325-19", "sent_idx": 2, "rel": [89, 89, 107, 107, "USED-FOR"]}, "33": {"doc_key": "2203.05325-19", "sent_idx": 2, "rel": [89, 89, 123, 124, "USED-FOR"]}, "34": {"doc_key": "2203.05325-19", "sent_idx": 2, "rel": [89, 89, 126, 126, "USED-FOR"]}, "35": {"doc_key": "2203.05325-19", "sent_idx": 2, "rel": [89, 89, 130, 131, "USED-FOR"]}, "36": {"doc_key": "2203.05325-19", "sent_idx": 2, "rel": [89, 89, 134, 135, "USED-FOR"]}, "37": {"doc_key": "2203.05325-19", "sent_idx": 2, "rel": [89, 89, 137, 137, "USED-FOR"]}, "38": {"doc_key": "2203.05325-19", "sent_idx": 2, "rel": [97, 97, 47, 47, "USED-FOR"]}, "39": {"doc_key": "2203.05325-19", "sent_idx": 2, "rel": [97, 97, 89, 89, "USED-FOR"]}, "40": {"doc_key": "2203.05325-19", "sent_idx": 2, "rel": [97, 97, 103, 103, "USED-FOR"]}, "41": {"doc_key": "2203.05325-19", "sent_idx": 2, "rel": [97, 97, 107, 107, "USED-FOR"]}, "42": {"doc_key": "2203.05325-19", "sent_idx": 2, "rel": [97, 97, 123, 124, "USED-FOR"]}, "43": {"doc_key": "2203.05325-19", "sent_idx": 2, "rel": [97, 97, 126, 126, "USED-FOR"]}, "44": {"doc_key": "2203.05325-19", "sent_idx": 2, "rel": [97, 97, 130, 131, "USED-FOR"]}, "45": {"doc_key": "2203.05325-19", "sent_idx": 2, "rel": [97, 97, 134, 135, "USED-FOR"]}, "46": {"doc_key": "2203.05325-19", "sent_idx": 2, "rel": [97, 97, 137, 137, "USED-FOR"]}, "47": {"doc_key": "2203.05325-19", "sent_idx": 2, "rel": [103, 103, 47, 47, "USED-FOR"]}, "48": {"doc_key": "2203.05325-19", "sent_idx": 2, "rel": [103, 103, 89, 89, "USED-FOR"]}, "49": {"doc_key": "2203.05325-19", "sent_idx": 2, "rel": [103, 103, 97, 97, "USED-FOR"]}, "50": {"doc_key": "2203.05325-19", "sent_idx": 2, "rel": [103, 103, 107, 107, "USED-FOR"]}, "51": {"doc_key": "2203.05325-19", "sent_idx": 2, "rel": [103, 103, 123, 124, "USED-FOR"]}, "52": {"doc_key": "2203.05325-19", "sent_idx": 2, "rel": [103, 103, 126, 126, "USED-FOR"]}, "53": {"doc_key": "2203.05325-19", "sent_idx": 2, "rel": [103, 103, 130, 131, "USED-FOR"]}, "54": {"doc_key": "2203.05325-19", "sent_idx": 2, "rel": [103, 103, 134, 135, "USED-FOR"]}, "55": {"doc_key": "2203.05325-19", "sent_idx": 2, "rel": [103, 103, 137, 137, "USED-FOR"]}, "56": {"doc_key": "2203.05325-19", "sent_idx": 2, "rel": [107, 107, 47, 47, "USED-FOR"]}, "57": {"doc_key": "2203.05325-19", "sent_idx": 2, "rel": [107, 107, 89, 89, "USED-FOR"]}, "58": {"doc_key": "2203.05325-19", "sent_idx": 2, "rel": [107, 107, 97, 97, "USED-FOR"]}, "59": {"doc_key": "2203.05325-19", "sent_idx": 2, "rel": [107, 107, 103, 103, "USED-FOR"]}, "60": {"doc_key": "2203.05325-19", "sent_idx": 2, "rel": [107, 107, 123, 124, "USED-FOR"]}, "61": {"doc_key": "2203.05325-19", "sent_idx": 2, "rel": [107, 107, 126, 126, "USED-FOR"]}, "62": {"doc_key": "2203.05325-19", "sent_idx": 2, "rel": [107, 107, 130, 131, "USED-FOR"]}, "63": {"doc_key": "2203.05325-19", "sent_idx": 2, "rel": [107, 107, 134, 135, "USED-FOR"]}, "64": {"doc_key": "2203.05325-19", "sent_idx": 2, "rel": [107, 107, 137, 137, "USED-FOR"]}, "65": {"doc_key": "2203.05325-19", "sent_idx": 2, "rel": [123, 124, 47, 47, "USED-FOR"]}, "66": {"doc_key": "2203.05325-19", "sent_idx": 2, "rel": [123, 124, 89, 89, "USED-FOR"]}, "67": {"doc_key": "2203.05325-19", "sent_idx": 2, "rel": [123, 124, 97, 97, "USED-FOR"]}, "68": {"doc_key": "2203.05325-19", "sent_idx": 2, "rel": [123, 124, 103, 103, "USED-FOR"]}, "69": {"doc_key": "2203.05325-19", "sent_idx": 2, "rel": [123, 124, 107, 107, "USED-FOR"]}, "70": {"doc_key": "2203.05325-19", "sent_idx": 2, "rel": [123, 124, 126, 126, "USED-FOR"]}, "71": {"doc_key": "2203.05325-19", "sent_idx": 2, "rel": [123, 124, 130, 131, "USED-FOR"]}, "72": {"doc_key": "2203.05325-19", "sent_idx": 2, "rel": [123, 124, 134, 135, "USED-FOR"]}, "73": {"doc_key": "2203.05325-19", "sent_idx": 2, "rel": [123, 124, 137, 137, "USED-FOR"]}, "74": {"doc_key": "2203.05325-19", "sent_idx": 2, "rel": [126, 126, 47, 47, "USED-FOR"]}, "75": {"doc_key": "2203.05325-19", "sent_idx": 2, "rel": [126, 126, 89, 89, "USED-FOR"]}, "76": {"doc_key": "2203.05325-19", "sent_idx": 2, "rel": [126, 126, 97, 97, "USED-FOR"]}, "77": {"doc_key": "2203.05325-19", "sent_idx": 2, "rel": [126, 126, 103, 103, "USED-FOR"]}, "78": {"doc_key": "2203.05325-19", "sent_idx": 2, "rel": [126, 126, 107, 107, "USED-FOR"]}, "79": {"doc_key": "2203.05325-19", "sent_idx": 2, "rel": [126, 126, 123, 124, "USED-FOR"]}, "80": {"doc_key": "2203.05325-19", "sent_idx": 2, "rel": [126, 126, 130, 131, "USED-FOR"]}, "81": {"doc_key": "2203.05325-19", "sent_idx": 2, "rel": [126, 126, 134, 135, "USED-FOR"]}, "82": {"doc_key": "2203.05325-19", "sent_idx": 2, "rel": [126, 126, 137, 137, "USED-FOR"]}, "83": {"doc_key": "2203.05325-19", "sent_idx": 2, "rel": [130, 131, 47, 47, "USED-FOR"]}, "84": {"doc_key": "2203.05325-19", "sent_idx": 2, "rel": [130, 131, 89, 89, "USED-FOR"]}, "85": {"doc_key": "2203.05325-19", "sent_idx": 2, "rel": [130, 131, 97, 97, "USED-FOR"]}, "86": {"doc_key": "2203.05325-19", "sent_idx": 2, "rel": [130, 131, 103, 103, "USED-FOR"]}, "87": {"doc_key": "2203.05325-19", "sent_idx": 2, "rel": [130, 131, 107, 107, "USED-FOR"]}, "88": {"doc_key": "2203.05325-19", "sent_idx": 2, "rel": [130, 131, 123, 124, "USED-FOR"]},