{"dev_best_f1": 0.8258706467661692, "f1_": 0.7745504840940526, "f1_overlap_": 0.7747252747252747, "precision_": 0.7734806629834254, "recall_": 0.775623268698061}