{"dev_best_f1": 0.22222222222222224, "f1_": 0.0, "prec_": 0.0, "rec_": 0, "f1_with_ner_": 0.0, "prec_w_ner_": 0.0, "rec_w_ner_": 0, "ner_f1_": 0.7414634146341463}