{"dev_best_f1": 0.15, "f1_": 0.15, "prec_": 0.375, "rec_": 0.09375, "f1_with_ner_": 0.15, "prec_w_ner_": 0.375, "rec_w_ner_": 0.09375, "ner_f1_": 0.8048780487804879}