{"dev_best_f1": 0.6811594202898551, "f1_": 0.7414634146341463, "f1_overlap_": 0.7535545023696683, "precision_": 0.6877828054298643, "recall_": 0.8042328042328042}