{"dev_best_f1": 0.7399463806970509, "f1_": 0.7061855670103092, "f1_overlap_": 0.7109974424552431, "precision_": 0.7172774869109948, "recall_": 0.6954314720812182}