{"dev_best_f1": 0.7724317295188556, "f1_": 0.8086253369272237, "f1_overlap_": 0.804289544235925, "precision_": 0.819672131147541, "recall_": 0.7978723404255319}