{"dev_best_f1": 0.7988826815642458, "f1_": 0.7908163265306123, "f1_overlap_": 0.7868852459016392, "precision_": 0.8469945355191257, "recall_": 0.7416267942583732}