{"dev_best_f1": 0.24390243902439027, "f1_": 0.10810810810810811, "prec_": 0.4, "rec_": 0.0625, "f1_with_ner_": 0.10810810810810811, "prec_w_ner_": 0.4, "rec_w_ner_": 0.0625, "ner_f1_": 0.7799442896935934}