{"dev_best_f1": 0.0, "f1_": 0.11764705882352941, "prec_": 0.75, "rec_": 0.06382978723404255, "f1_with_ner_": 0.11764705882352941, "prec_w_ner_": 0.75, "rec_w_ner_": 0.06382978723404255, "ner_f1_": 0.6577437858508605}