{"dev_best_f1": 0.7180277349768875, "f1_": 0.702127659574468, "f1_overlap_": 0.6984126984126985, "precision_": 0.7951807228915663, "recall_": 0.6285714285714286}