{"dev_best_f1": 0.10526315789473684, "f1_": 0.16, "f1_with_ner_": 0.16, "ner_f1_": 0.7040000000000001}