{"dev_best_f1": 0.10526315789473684, "f1_": 0.16, "prec_": 1.0, "rec_": 0.08695652173913043, "f1_with_ner_": 0.16, "prec_w_ner_": 1.0, "rec_w_ner_": 0.08695652173913043, "ner_f1_": 0.7040000000000001}