{"dev_best_f1": 0.7785234899328859, "f1_": 0.6552380952380954, "f1_overlap_": 0.655367231638418, "precision_": 0.7644444444444445, "recall_": 0.5733333333333334}