{"0": {"doc_key": "2210.10073-2", "sent_idx": 0, "rel": [11, 11, 16, 16, "USED-FOR"]}, "1": {"doc_key": "2210.10073-2", "sent_idx": 0, "rel": [11, 11, 21, 21, "USED-FOR"]}, "2": {"doc_key": "2210.10073-2", "sent_idx": 0, "rel": [16, 16, 11, 11, "USED-FOR"]}, "3": {"doc_key": "2210.10073-2", "sent_idx": 0, "rel": [16, 16, 21, 21, "USED-FOR"]}, "4": {"doc_key": "2210.10073-2", "sent_idx": 0, "rel": [21, 21, 11, 11, "USED-FOR"]}, "5": {"doc_key": "2210.10073-2", "sent_idx": 0, "rel": [21, 21, 16, 16, "USED-FOR"]}, "6": {"doc_key": "2210.10073-2", "sent_idx": 11, "rel": [200, 200, 215, 215, "USED-FOR"]}, "7": {"doc_key": "2210.10073-2", "sent_idx": 11, "rel": [215, 215, 200, 200, "USED-FOR"]}, "8": {"doc_key": "2210.10073-4", "sent_idx": 0, "rel": [3, 3, 8, 8, "USED-FOR"]}, "9": {"doc_key": "2210.10073-4", "sent_idx": 0, "rel": [8, 8, 3, 3, "USED-FOR"]}, "10": {"doc_key": "2210.10073-4", "sent_idx": 8, "rel": [175, 175, 181, 181, "USED-FOR"]}, "11": {"doc_key": "2210.10073-4", "sent_idx": 8, "rel": [181, 181, 175, 175, "USED-FOR"]}, "12": {"doc_key": "2210.10073-8", "sent_idx": 4, "rel": [118, 118, 138, 139, "USED-FOR"]}, "13": {"doc_key": "2210.10073-8", "sent_idx": 4, "rel": [138, 139, 118, 118, "USED-FOR"]}, "14": {"doc_key": "2210.10073-8", "sent_idx": 7, "rel": [181, 186, 195, 200, "USED-FOR"]}, "15": {"doc_key": "2210.10073-8", "sent_idx": 7, "rel": [181, 186, 209, 214, "USED-FOR"]}, "16": {"doc_key": "2210.10073-8", "sent_idx": 7, "rel": [195, 200, 181, 186, "USED-FOR"]}, "17": {"doc_key": "2210.10073-8", "sent_idx": 7, "rel": [195, 200, 209, 214, "USED-FOR"]}, "18": {"doc_key": "2210.10073-8", "sent_idx": 7, "rel": [209, 214, 181, 186, "USED-FOR"]}, "19": {"doc_key": "2210.10073-8", "sent_idx": 7, "rel": [209, 214, 195, 200, "USED-FOR"]}, "20": {"doc_key": "2210.10073-11", "sent_idx": 4, "rel": [103, 104, 109, 109, "USED-FOR"]}, "21": {"doc_key": "2210.10073-11", "sent_idx": 4, "rel": [103, 104, 114, 114, "USED-FOR"]}, "22": {"doc_key": "2210.10073-11", "sent_idx": 4, "rel": [103, 104, 119, 119, "USED-FOR"]}, "23": {"doc_key": "2210.10073-11", "sent_idx": 4, "rel": [109, 109, 103, 104, "USED-FOR"]}, "24": {"doc_key": "2210.10073-11", "sent_idx": 4, "rel": [109, 109, 114, 114, "USED-FOR"]}, "25": {"doc_key": "2210.10073-11", "sent_idx": 4, "rel": [109, 109, 119, 119, "USED-FOR"]}, "26": {"doc_key": "2210.10073-11", "sent_idx": 4, "rel": [114, 114, 103, 104, "USED-FOR"]}, "27": {"doc_key": "2210.10073-11", "sent_idx": 4, "rel": [114, 114, 109, 109, "USED-FOR"]}, "28": {"doc_key": "2210.10073-11", "sent_idx": 4, "rel": [114, 114, 119, 119, "USED-FOR"]}, "29": {"doc_key": "2210.10073-11", "sent_idx": 4, "rel": [119, 119, 103, 104, "USED-FOR"]}, "30": {"doc_key": "2210.10073-11", "sent_idx": 4, "rel": [119, 119, 109, 109, "USED-FOR"]}, "31": {"doc_key": "2210.10073-11", "sent_idx": 4, "rel": [119, 119, 114, 114, "USED-FOR"]}, "32": {"doc_key": "2210.10073-11", "sent_idx": 6, "rel": [143, 144, 149, 151, "USED-FOR"]}, "33": {"doc_key": "2210.10073-11", "sent_idx": 6, "rel": [143, 144, 156, 157, "USED-FOR"]}, "34": {"doc_key": "2210.10073-11", "sent_idx": 6, "rel": [143, 144, 162, 163, "USED-FOR"]}, "35": {"doc_key": "2210.10073-11", "sent_idx": 6, "rel": [149, 151, 143, 144, "USED-FOR"]}, "36": {"doc_key": "2210.10073-11", "sent_idx": 6, "rel": [149, 151, 156, 157, "USED-FOR"]}, "37": {"doc_key": "2210.10073-11", "sent_idx": 6, "rel": [149, 151, 162, 163, "USED-FOR"]}, "38": {"doc_key": "2210.10073-11", "sent_idx": 6, "rel": [156, 157, 143, 144, "USED-FOR"]}, "39": {"doc_key": "2210.10073-11", "sent_idx": 6, "rel": [156, 157, 149, 151, "USED-FOR"]}, "40": {"doc_key": "2210.10073-11", "sent_idx": 6, "rel": [156, 157, 162, 163, "USED-FOR"]}, "41": {"doc_key": "2210.10073-11", "sent_idx": 6, "rel": [162, 163, 143, 144, "USED-FOR"]}, "42": {"doc_key": "2210.10073-11", "sent_idx": 6, "rel": [162, 163, 149, 151, "USED-FOR"]}, "43": {"doc_key": "2210.10073-11", "sent_idx": 6, "rel": [162, 163, 156, 157, "USED-FOR"]}, "44": {"doc_key": "2210.10073-15", "sent_idx": 1, "rel": [23, 23, 59, 59, "USED-FOR"]}, "45": {"doc_key": "2210.10073-15", "sent_idx": 1, "rel": [59, 59, 23, 23, "USED-FOR"]}, "46": {"doc_key": "2210.10073-18", "sent_idx": 2, "rel": [54, 54, 63, 63, "USED-FOR"]}, "47": {"doc_key": "2210.10073-18", "sent_idx": 2, "rel": [63, 63, 54, 54, "USED-FOR"]}, "48": {"doc_key": "2210.10073-19", "sent_idx": 1, "rel": [11, 11, 15, 15, "USED-FOR"]}, "49": {"doc_key": "2210.10073-19", "sent_idx": 1, "rel": [11, 11, 18, 18, "USED-FOR"]}, "50": {"doc_key": "2210.10073-19", "sent_idx": 1, "rel": [11, 11, 22, 22, "USED-FOR"]}, "51": {"doc_key": "2210.10073-19", "sent_idx": 1, "rel": [15, 15, 11, 11, "USED-FOR"]}, "52": {"doc_key": "2210.10073-19", "sent_idx": 1, "rel": [15, 15, 18, 18, "USED-FOR"]}, "53": {"doc_key": "2210.10073-19", "sent_idx": 1, "rel": [15, 15, 22, 22, "USED-FOR"]}, "54": {"doc_key": "2210.10073-19", "sent_idx": 1, "rel": [18, 18, 11, 11, "USED-FOR"]}, "55": {"doc_key": "2210.10073-19", "sent_idx": 1, "rel": [18, 18, 15, 15, "USED-FOR"]}, "56": {"doc_key": "2210.10073-19", "sent_idx": 1, "rel": [18, 18, 22, 22, "USED-FOR"]}, "57": {"doc_key": "2210.10073-19", "sent_idx": 1, "rel": [22, 22, 11, 11, "USED-FOR"]}, "58": {"doc_key": "2210.10073-19", "sent_idx": 1, "rel": [22, 22, 15, 15, "USED-FOR"]}, "59": {"doc_key": "2210.10073-19", "sent_idx": 1, "rel": [22, 22, 18, 18, "USED-FOR"]}, "60": {"doc_key": "2210.10073-21", "sent_idx": 1, "rel": [13, 13, 24, 24, "USED-FOR"]}, "61": {"doc_key": "2210.10073-21", "sent_idx": 1, "rel": [24, 24, 13, 13, "USED-FOR"]}, "62": {"doc_key": "2210.10073-22", "sent_idx": 3, "rel": [60, 60, 65, 65, "USED-FOR"]}, "63": {"doc_key": "2210.10073-22", "sent_idx": 3, "rel": [65, 65, 60, 60, "USED-FOR"]}, "64": {"doc_key": "2210.10073-22", "sent_idx": 11, "rel": [198, 198, 213, 213, "USED-FOR"]}, "65": {"doc_key": "2210.10073-22", "sent_idx": 11, "rel": [213, 213, 198, 198, "USED-FOR"]}, "66": {"doc_key": "2210.10073-22", "sent_idx": 12, "rel": [225, 225, 231, 231, "USED-FOR"]}, "67": {"doc_key": "2210.10073-22", "sent_idx": 12, "rel": [225, 225, 235, 235, "USED-FOR"]}, "68": {"doc_key": "2210.10073-22", "sent_idx": 12, "rel": [231, 231, 225, 225, "USED-FOR"]}, "69": {"doc_key": "2210.10073-22", "sent_idx": 12, "rel": [231, 231, 235, 235, "USED-FOR"]}, "70": {"doc_key": "2210.10073-22", "sent_idx": 12, "rel": [235, 235, 225, 225, "USED-FOR"]}, "71": {"doc_key": "2210.10073-22", "sent_idx": 12, "rel": [235, 235, 231, 231, "USED-FOR"]}, "72": {"doc_key": "2210.10073-27", "sent_idx": 14, "rel": [384, 384, 386, 386, "USED-FOR"]}, "73": {"doc_key": "2210.10073-27", "sent_idx": 14, "rel": [386, 386, 384, 384, "USED-FOR"]}, "74": {"doc_key": "2210.10073-27", "sent_idx": 15, "rel": [394, 395, 400, 403, "USED-FOR"]}, "75": {"doc_key": "2210.10073-27", "sent_idx": 15, "rel": [394, 395, 410, 413, "USED-FOR"]}, "76": {"doc_key": "2210.10073-27", "sent_idx": 15, "rel": [400, 403, 394, 395, "USED-FOR"]}, "77": {"doc_key": "2210.10073-27", "sent_idx": 15, "rel": [400, 403, 410, 413, "USED-FOR"]}, "78": {"doc_key": "2210.10073-27", "sent_idx": 15, "rel": [410, 413, 394, 395, "USED-FOR"]}, "79": {"doc_key": "2210.10073-27", "sent_idx": 15, "rel": [410, 413, 400, 403, "USED-FOR"]}, "80": {"doc_key": "2210.10073-27", "sent_idx": 18, "rel": [486, 486, 491, 491, "USED-FOR"]}, "81": {"doc_key": "2210.10073-27", "sent_idx": 18, "rel": [486, 486, 510, 510, "USED-FOR"]}, "82": {"doc_key": "2210.10073-27", "sent_idx": 18, "rel": [491, 491, 486, 486, "USED-FOR"]}, "83": {"doc_key": "2210.10073-27", "sent_idx": 18, "rel": [491, 491, 510, 510, "USED-FOR"]}, "84": {"doc_key": "2210.10073-27", "sent_idx": 18, "rel": [510, 510, 486, 486, "USED-FOR"]}, "85": {"doc_key": "2210.10073-27", "sent_idx": 18, "rel": [510, 510, 491, 491, "USED-FOR"]}, "86": {"doc_key": "2210.10073-27", "sent_idx": 22, "rel": [625, 632, 658, 658, "USED-FOR"]}, "87": {"doc_key": "2210.10073-27", "sent_idx": 22, "rel": [658, 658, 625, 632, "USED-FOR"]},