{"dev_best_f1": 0.7715877437325905, "f1_": 0.8029197080291971, "f1_overlap_": 0.8029020556227326, "precision_": 0.8333333333333334, "recall_": 0.7746478873239436}