{"dev_best_f1": 0.12, "f1_": 0.14285714285714285, "prec_": 0.75, "rec_": 0.07894736842105263, "f1_with_ner_": 0.09523809523809525, "prec_w_ner_": 0.5, "rec_w_ner_": 0.05263157894736842, "ner_f1_": 0.814111261872456}