{"dev_best_f1": 0.0, "f1_": 0.1111111111111111, "prec_": 0.3333333333333333, "rec_": 0.06666666666666667, "f1_with_ner_": 0.1111111111111111, "prec_w_ner_": 0.3333333333333333, "rec_w_ner_": 0.06666666666666667, "ner_f1_": 0.6754385964912282}