{"dev_best_f1": 0.35714285714285715, "f1_": 0.3448275862068966, "prec_": 0.8333333333333334, "rec_": 0.21739130434782608, "f1_with_ner_": 0.3448275862068966, "prec_w_ner_": 0.8333333333333334, "rec_w_ner_": 0.21739130434782608, "ner_f1_": 0.7248677248677248}