{"dev_best_f1": 0.3333333333333333, "f1_": 0.28571428571428575, "prec_": 0.25, "rec_": 0.3333333333333333, "f1_with_ner_": 0.28571428571428575, "prec_w_ner_": 0.25, "rec_w_ner_": 0.3333333333333333, "ner_f1_": 0.7061855670103092}