{"dev_best_f1": 0.0, "f1_": 0.22222222222222224, "prec_": 0.5, "rec_": 0.14285714285714285, "f1_with_ner_": 0.22222222222222224, "prec_w_ner_": 0.5, "rec_w_ner_": 0.14285714285714285, "ner_f1_": 0.621160409556314}