{"dev_best_f1": 0.28571428571428575, "f1_": 0.2, "prec_": 0.2857142857142857, "rec_": 0.15384615384615385, "f1_with_ner_": 0.2, "prec_w_ner_": 0.2857142857142857, "rec_w_ner_": 0.15384615384615385, "ner_f1_": 0.7235387045813586}