{"dev_best_f1": 0.6509090909090909, "f1_": 0.6477272727272727, "f1_overlap_": 0.6298342541436464, "precision_": 0.76, "recall_": 0.5643564356435643}