{"dev_best_f1": 0.7726161369193154, "f1_": 0.6754385964912282, "f1_overlap_": 0.6838709677419355, "precision_": 0.6637931034482759, "recall_": 0.6875}