{"dev_best_f1": 0.6837209302325582, "f1_": 0.7733333333333333, "f1_overlap_": 0.7733333333333333, "precision_": 0.6666666666666666, "recall_": 0.9206349206349206}