{"dev_best_f1": 0.6981627296587927, "f1_": 0.6981707317073171, "f1_overlap_": 0.6969696969696969, "precision_": 0.7557755775577558, "recall_": 0.6487252124645893}