{"dev_best_f1": 0.7268170426065163, "f1_": 0.621160409556314, "f1_overlap_": 0.5967213114754097, "precision_": 0.6026490066225165, "recall_": 0.6408450704225352}