{"dev_best_f1": 0.1111111111111111, "f1_": 0.14285714285714285, "prec_": 0.4, "rec_": 0.08695652173913043, "f1_with_ner_": 0.14285714285714285, "prec_w_ner_": 0.4, "rec_w_ner_": 0.08695652173913043, "ner_f1_": 0.7870619946091645}