{"dev_best_f1": 0.11764705882352941, "f1_": 0.17391304347826084, "prec_": 1.0, "rec_": 0.09523809523809523, "f1_with_ner_": 0.17391304347826084, "prec_w_ner_": 1.0, "rec_w_ner_": 0.09523809523809523, "ner_f1_": 0.6514285714285714}