{"dev_best_f1": 0.09230769230769231, "f1_": 0.0, "prec_": 0, "rec_": 0.0, "f1_with_ner_": 0.0, "prec_w_ner_": 0, "rec_w_ner_": 0.0, "ner_f1_": 0.7733333333333333}